test_id,nearest_train_id,dtw_min,len_test,len_train
ML090,ML369,1.7241867977644503,78,73
ML301,ML526,1.7721827865151938,84,43
ML349,ML011,1.6489821569536518,78,76
ML375,ML001,1.7574771325179306,22,26
ML404,ML369,1.6919582808591176,79,73
ML424,ML110,1.4891238127188093,83,61
ML469,ML270,1.4989295829448672,91,71
